{"H3800":"Mental health services","A5000":"Timber companies, sawmills, & others engaged in cutting down trees","C2800":"Musicians","T1400":"General aviation (private pilots)","F3200":"Accident & health insurance","E1320":"Nuclear plant construction, equipment & services","M4300":"Household appliances","J1110":"Christian Coalition, religious right","H4400":"Pharmaceutical wholesale","C5110":"Computers, components & accessories","M2300":"Industrial & commercial equipment and materials","X3500":"Public school teachers, administrators & officials","F1200":"Savings banks & savings and loans","T9000":"Lodging & tourism","JD200":"Defense policy, doves","J7500":"Minority & ethnic groups","H1400":"Dentists","H2000":"Health care institutions","G5300":"Equipment rental & leasing","E1220":"Metal mining & processing","T6200":"Sea freight & passenger services","F2100":"Security brokers & investment companies","G5210":"Advertising & public relations services","G3000":"Wholesale trade","F5100":"Accountants","M6000":"Electrical lighting products","B5400":"Other construction-related products","E1230":"Non-metallic mining","D0000":"Defense","JE300":"Environmental policy","M9000":"Precision instruments","J3000":"Consumer groups","L1200":"State & local government employee unions","E1210":"Coal mining","L1300":"Teachers unions","G2200":"Confectionary processors & manufacturers","F5200":"Credit reporting services & collection agencies","X4100":"Nonprofit foundations","M1400":"Manmade fibers","B3400":"Plumbing, heating & air conditioning","D4000":"Defense research & development","LM100":"Manufacturing unions","L5000":"Other unions","T2300":"Auto dealers, new & used","T2310":"Auto dealers","H1500":"Chiropractors","H5150":"Medical schools","G5600":"Miscellaneous repair services","E1300":"Nuclear energy","M5100":"Hardware & tools","A4200":"Farm machinery & equipment","B4200":"Architectural services","G1300":"Pro-business organizations","B4000":"Engineering, architecture & construction management services","J8000":"Labor, anti-union","T2100":"Auto manufacturers","T9400":"Travel agents","T1300":"Aircraft parts & equipment","M3500":"Toys","LD100":"Defense-related unions","F3300":"Life insurance","H5000":"Education","C5130":"Data processing & computer services","H1700":"Other non-physician health practitioners","M4100":"Furniture & wood products","H1710":"Nurses","T9300":"Resorts","E1240":"Mining services & equipment","E3000":"Waste management","C2000":"Broadcasting & motion pictures","H1120":"Optometrists & ophthalmologists","C1400":"Greeting card publishing","G2800":"Alcohol","X3300":"Municipal & county government organizations","J5100":"Pro-Israel","A3100":"Animal feed & health products","T2400":"Auto repair","F4700":"Other real estate services, appraisals","G4000":"Retail trade","A7000":"Farmers, crop unspecified","H0000":"Health, education & human resources","T5000":"Railroad transportation","D8000":"Ground-based & other weapons systems","G5000":"Services","H3000":"Health care services","E1200":"Mining","X5000":"Military","M7300":"Metal cans & containers","D2000":"Defense areospace contractors","G5270":"Management consultants & services","M4000":"Household & office products","E0000":"Energy, natural resources & environment","G4800":"Direct sales","C4600":"Telephone & communications equipment","B1000":"Public works, industrial & commercial construction","T1700":"Space vehicles & components","B6000":"Construction equipment","F4600":"Mortgage bankers & brokers","J1200":"Democratic elected officials & candidates","J7120":"Abortion policy, pro-life","C4300":"Paging & cellular phones and services","A1500":"Wheat, corn, soybeans & cash grain","T1500":"Air freight","A3300":"Feedlots & related livestock services","M1500":"Plastics & rubber processing and products","B1500":"Construction, unclassified","M3100":"Clothing & accessories","T1100":"Airlines","C2200":"Cable & satellite TV operators","H4100":"Medical supplies manufacturing & sales","E1600":"Electric power utilities","A4500":"Veterinarians","B2000":"Residential construction","H1750":"Pharmacists","C2700":"Movie theaters","M1100":"Explosives","F3100":"Insurance agencies, brokers & agents","F3400":"Property & casualty insurance","F1400":"Credit agencies & finance companies","D3000":"Defense electronic contractors","L1100":"Federal employee unions","T3000":"Trucking","C1000":"Printing, publishing & allied industries","A1200":"Includes all sugar growers and sugar co-ops","M7100":"Paper packaging materials","G2820":"Wine & distilled spirits manufacturing","T9100":"Hotels & motels","G5280":"Marketing research services","T5100":"Railroads","L0000":"Labor unions","F1100":"Commercial banks & bank holding companies","J7400":"Women's issues","G3500":"Import/export services","LT000":"Transportation unions","M3400":"Jewelry","H3100":"Home care services","F4500":"Building operators & managers","G2600":"Beverages (non-alcoholic)","C5120":"Computer software","G4200":"Consumer electronics & computer stores","E1190":"LPG/Liquid propane dealers & producers","J7000":"Human rights","T7200":"Warehousing","LT300":"Teamsters unions","E2000":"Environmental services, equipment & consulting","J4000":"Fiscal & tax policy","Z5100":"Republican Party committees","G1000":"General business associations","M5000":"Fabricated metal products","A4000":"Agricultural services & related industries","F3000":"Insurance companies, general","F4100":"Real estate developers & subdividers","G4500":"Hardware & building materials stores","G2300":"Meat processing & products","J7700":"Children's rights","J5000":"Foreign policy","L1000":"Civil service & government unions","G4600":"Miscellaneous retail stores","T7000":"Freight & delivery services","F2000":"Securities, commodities & investment","K2000":"Lobbyists & public relations","G4700":"Catalog & mail order houses","J6200":"Anti-gun control","JW100":"Resource-development anti-environmental groups","F0000":"Finance, insurance & real estate","G4300":"Department, variety & convenience stores","C5140":"Online computer services","G1100":"Chambers of commerce","G2400":"Food stores","E1170":"Gasoline service stations","G2810":"Beer","M2250":"Aluminum mining & processing","T1600":"Aviation services & airports","T8400":"Bicycles & other non-motorized recreational transportation","H2100":"Hospitals","B5300":"Plumbing & pipe products","A4300":"Grain traders & terminals","E1120":"Independent oil & gas producers","G4900":"Drug stores","K0000":"Lawyers & lobbyists","JD100":"Defense policy, hawks","E1610":"Rural electric cooperatives","E4100":"Fishing","X1200":"Retired","T8300":"Pleasure boats","M9200":"Photographic equipment & supplies","G5220":"Direct mail advertising services","H5200":"Technical, business & vocational schools and services","LT100":"Air transport unions","J7150":"Abortion policy, pro-choice","T3200":"Truck & trailer manufacturers","T8200":"Motor homes & camper trailers","G2350":"Fish processing","M1000":"Chemicals","H1100":"Physicians","C4100":"Telephone utilities","T4100":"Bus services","E1140":"Natural gas transmission & distribution","G5400":"Funeral services","F1000":"Banks & lending institutions","LH100":"Health worker unions","C5000":"Electronics manufacturing & services","T0000":"Transportation","G5240":"Commercial photography, art & graphic design","LG100":"Food service & related unions","G5230":"Outdoor advertising services","A3500":"Horse breeders","F2300":"Investment banking","C2300":"Television production","LE200":"Energy-related unions (non-mining)","H4500":"Biotech products & research","H4600":"Nutritional & dietary supplements","T4000":"Buses & taxis","G2100":"Food & kindred products manufacturing","T3100":"Trucking companies & services","LT400":"Railroad unions","B5000":"Building materials","A5200":"Paper & pulp mills and paper manufacturing","G5200":"Business services","M0000":"Manufacturing","J7600":"Animal rights","LC150":"Electrical workers/IBEW","T5200":"Manufacturers of railroad equipment","B4300":"Surveying","C2600":"Recorded music & music production","H4300":"Pharmaceutical manufacturing","A0000":"Miscellaneous agriculture","G5260":"Political consultants & advisers","E1630":"Independent power generation & cogeneration","B3200":"Electrical contractors","E1150":"Oilfield service, equipment & exploration","B0000":"Construction & public works","H2200":"Nursing homes","M2200":"Smelting & non-petroleum refining","M4200":"Office machines","T6250":"Cruise ships & lines","G6100":"Amusement & recreation centers","G6000":"Recreation & entertainment","F4000":"Real estate","T5300":"Railroad services","G1200":"Small business organizations","T6000":"Sea transport","T1000":"Air transport","J7200":"Elderly issues & Social Security","H6000":"Welfare & social work","G4850":"Vending machine sales & services","X4200":"Museums, art galleries, libraries, etc.","G2500":"Food wholesalers","M1300":"Household cleansers & chemicals","F2400":"Stock exchanges","T7100":"Express delivery services","T1200":"Aircraft manufacturers","B5200":"Lumber and wood products & lumber yards","A6000":"Farm organizations & cooperatives","F5500":"Other financial services","X3000":"Civil servant/public employee","G2700":"Beverage bottling & distribution","LT500":"Merchant marine & longshoremen unions","M2100":"Steel mining & processing","B5500":"Electrical supply","LG000":"General commercial unions","E1500":"Alternate energy production & services","J6500":"Militias, militiamen & anti-government organizations","LB100":"Construction unions","A1300":"Tobacco & tobacco products","LT200":"Automotive unions","A1600":"Other commodities (including rice, peanuts, honey)","C1300":"Commercial printing & typesetting","A1100":"Cotton growers, cotton ginners","K1000":"Attorneys & law firms","M8000":"Textiles & fabrics","G4100":"Apparel & accessory stores","A8000":"Florists & nursery services","Z5300":"Third-party party committees","M5300":"Small arms & ammunition","G5290":"Security services","F4200":"Real estate agents & managers","G4400":"Furniture & appliance stores","H1000":"Health professionals","G2110":"Artificial sweeteners & food additives","G2910":"Food catering & food services","M9300":"Clocks & watches","M1600":"Paints, solvents & coatings","G7000":"Correctional facilities construction & management/for-profit","E1000":"Energy production & distribution","LG400":"Entertainment unions","H3300":"Optical services (glasses & contact lenses)","B3600":"Landscaping & excavation services","G5250":"Employment agencies","X3100":"Public official (elected or appointed)","T2200":"Truck & automotive parts and accessories","M1700":"Adhesives & sealants","T2000":"Automotive & trucking","M3600":"Sporting goods sales & manufacturing","C5100":"Computer manufacture & services","E5000":"Water utilities","G5700":"Pest control","J1100":"Republican elected officials & candidates","E4200":"Hunting & wildlife","M2400":"Recycling of metal, paper, plastics, etc.","C2100":"Commercial television & radio stations","G6700":"Amusement parks","J6100":"Pro-gun control","T8000":"Recreational transport","E1160":"Petroleum refining & marketing","JH100":"Health & welfare policy","H5170":"Law schools","D5000":"Defense shipbuilders","E1700":"Power plant construction & equipment","D9000":"Defense-related services","L1500":"US Postal Service unions & associations","H3400":"Medical laboratories","G2850":"Liquor wholesalers","H5100":"Schools & colleges","E1180":"Fuel oil dealers","LA100":"Agricultural labor unions","B4400":"Engineers - type unknown","X3200":"Courts & justice system","X4000":"Clergy","T6100":"Ship building & repair","M3000":"Personal products manufacturing","M2000":"Heavy industrial manufacturing","F5300":"Tax return services","C4200":"Long-distance telephone & telegraph service","B2400":"Mobile home construction","A1400":"Vegetables, fruits & tree nuts","F2500":"Venture capital","H3200":"Outpatient health services (including drug & alcohol)","F5000":"Financial services & consulting","H4200":"Personal health care products","E4000":"Fisheries & wildlife","C2900":"Actors, actresses & others in the live theater industry","C2400":"Motion picture production & distribution","C4000":"Telecommunications","B5100":"Stone, clay, glass & concrete products","F1300":"Credit unions","A2000":"Dairy farmers & wholesale and retail milk, cheese and ice cream dealers","LC100":"Communications & hi-tech unions","T8100":"Motorcycles, snowmobiles & other motorized vehicles","LT600":"Other transportation unions","E1620":"Gas & electric utilities","M3200":"Shoes & leather products","A2300":"Poultry & eggs","H4000":"Health care products","M7000":"Paper, glass & packaging materials","T4200":"Taxicabs","LG300":"Commercial service unions","G6500":"Casinos, racetracks & gambling","L1400":"Police & fire fighters unions and associations","B0500":"Builders associations","A6500":"Farm Bureau/affiliated organizations & PACs","G5100":"Beauty & barber shops","H3500":"AIDS treatment & testing","G5800":"Physical fitness centers","M9100":"Optical instruments & lenses","G2000":"Food & beverage products and services","H1130":"Other physician specialists","A4100":"Agricultural chemicals (fertilizers & pesticides)","B3000":"Special trade contractors","G2900":"Restaurants & drinking establishments","G1400":"International trade associations","F4300":"Title insurance & title abstract offices","G5500":"Laundries & dry cleaners","A3000":"Livestock","H1110":"Psychiatrists & psychologists","M3300":"Toiletries & cosmetics","G6400":"Professional sports, arenas & related equipment and services","A3200":"Sheep & wool producers","J7300":"Gay & lesbian rights and issues","F2200":"Commodity brokers & dealers","F7000":"Investors","M7200":"Glass products","C1100":"Book, newspaper & periodical publishing","E1100":"Oil & gas","Z5200":"Democratic Party committees","A1000":"Farmers, in general","E1110":"Major (multinational) oil & gas producers","LE100":"Mining unions","C0000":"Communications & electronics"}